borocd,puma,female_50_54,moe_under18_rate_nyc,moe_under18_rate_boro,pop_acs,pct_hispanic,pct_asian_nh,pct_black_nh,pct_white_nh,female_85_over,male_85_over,female_80_84,male_80_84,female_75_79,male_75_79,female_70_74,male_70_74,female_65_69,male_65_69,female_60_64,male_60_64,female_55_59,male_55_59,male_50_54,female_45_49,male_45_49,female_40_44,male_40_44,female_35_39,male_35_39,female_30_34,male_30_34,female_25_29,male_25_29,female_20_24,male_20_24,female_15_19,male_15_19,female_10_14,male_10_14,female_5_9,male_5_9,female_under_5,male_under_5,moe_over65_rate_nyc,over65_rate_nyc,moe_over65_rate_boro,over65_rate_boro,moe_over65_rate,over65_rate,under18_rate_nyc,under18_rate_boro,moe_under18_rate,under18_rate,moe_lep_rate_nyc,lep_rate_nyc,moe_lep_rate_boro,lep_rate_boro,moe_lep_rate,lep_rate,moe_foreign_born,pct_foreign_born,moe_hh_rent_burd_nyc,pct_hh_rent_burd_nyc,moe_hh_rent_burd_boro,pct_hh_rent_burd_boro,moe_hh_rent_burd,pct_hh_rent_burd,moe_mean_commute_nyc,mean_commute_nyc,moe_mean_commute_boro,mean_commute_boro,moe_mean_commute,mean_commute,moe_unemployment_nyc,unemployment_nyc,moe_unemployment_boro,unemployment_boro,moe_unemployment,unemployment,moe_bach_deg_nyc,pct_bach_deg_nyc,moe_bach_deg_boro,pct_bach_deg_boro,moe_bach_deg,pct_bach_deg,pct_other_nh,crime_count,crime_count_boro,crime_count_nyc,crime_per_1000,crime_per_1000_boro,crime_per_1000_nyc,lot_area___res_1_2_family_bldg,pct_lot_area___res_1_2_family_bldg,lot_area___res_multifamily_walkup,pct_lot_area___res_multifamily_walkup,lot_area___res_multifamily_elevator,pct_lot_area___res_multifamily_elevator,lot_area___mixed_use,pct_lot_area___mixed_use,lot_area___commercial_office,pct_lot_area___commercial_office,lot_area___industrial_manufacturing,pct_lot_area___industrial_manufacturing,lot_area___transportation_utility,pct_lot_area___transportation_utility,lot_area___public_facility_institution,pct_lot_area___public_facility_institution,lot_area___open_space,pct_lot_area___open_space,lot_area___parking,pct_lot_area___parking,lot_area___vacant,pct_lot_area___vacant,lot_area___other_no_data,pct_lot_area___other_no_data,total_lot_area,lots_res_1_2_family_bldg,lots_res_multifamily_walkup,lots_res_multifamily_elevator,lots_mixed_use,lots_commercial_office,lots_industrial_manufacturing,lots_transportation_utility,lots_public_facility_institution,lots_open_space,lots_parking,lots_vacant,lots_other_no_data,lots_total,count_parks,count_hosp_clinic,count_libraries,count_public_schools,fp_100_area,fp_100_bldg,cd_tot_bldgs,fp_100_resunits,cd_tot_resunits,fp_100_openspace,fp_500_area,fp_500_openspace,v_pluto,v_facdb,v_acs,v_crime
101,3810,2.3,0,0,154636,6.5,15.5,2.2,72.2,1.2,0.8,0.7,0.7,1,0.9,1.8,1.3,2.4,2,2.6,2.7,2.4,2.7,2.7,2.9,3.6,3.6,3.6,4.7,5.2,6.5,6.3,7.2,5.7,3.9,2.8,2.4,1.8,1.1,1.4,1.8,1.7,2.7,2.6,0,14.1,0,15.8,0.6,12.8,20.9,14.4,0.6,12.7,0.1,23.1,0.2,15.8,0.7,6.2,0.9,23.3,0.3,44.2,0.5,36.4,1.6,30.1,0.1,41.2,0.2,32.1,0.6,25.4,0.1,4.4,0.1,3.8,0.3,2.8,0.2,37.4,0.4,60.8,0.9,82.2,3.60,1055,26271,92480,6.8,16.1,11.0,4754.34460178856,0.17,18292.6582714343,0.63,165814.85395637,5.76,430611.952735652,14.95,731515.804626919,25.39,2184.50625719503,0.08,130012.843222394,4.51,912637.464521259,31.68,125415.753255858,4.35,41594.27761471,1.44,10148.2636153483,0.35,308183.650443026,10.70,2881166.37312195,34,66,167,635,359,4,36,72,23,23,25,17,1461,13,10,2,19,27893159,653,1725,19756,45629,1367007,21073220,1115829,20v4,Y2014-2018,2020/06/24,2019
102,3810,2.3,0,0,154636,6.5,15.5,2.2,72.2,1.2,0.8,0.7,0.7,1,0.9,1.8,1.3,2.4,2,2.6,2.7,2.4,2.7,2.7,2.9,3.6,3.6,3.6,4.7,5.2,6.5,6.3,7.2,5.7,3.9,2.8,2.4,1.8,1.1,1.4,1.8,1.7,2.7,2.6,0,14.1,0,15.8,0.6,12.8,20.9,14.4,0.6,12.7,0.1,23.1,0.2,15.8,0.7,6.2,0.9,23.3,0.3,44.2,0.5,36.4,1.6,30.1,0.1,41.2,0.2,32.1,0.6,25.4,0.1,4.4,0.1,3.8,0.3,2.8,0.2,37.4,0.4,60.8,0.9,82.2,3.60,2313,26271,92480,15.0,16.1,11.0,99446.2132143488,4.46,229549.27325877,10.29,337563.119410584,15.13,627677.598659352,28.13,444674.392633738,19.93,24192.6844561892,1.08,89735.7208343449,4.02,214809.42835533,9.63,78996.7345181142,3.54,31768.7754165973,1.42,38201.607829949,1.71,14856.5718997383,0.67,2231472.12048705,628,921,444,1766,594,13,26,173,29,52,50,29,4725,6,19,3,8,7926053,357,5256,4672,60610,39001,4284960,70295,20v4,Y2014-2018,2020/06/24,2019
103,3809,2.8,0,0,154995,25.1,30.6,8.4,33.3,2.1,1,1.6,1,1.6,1.3,2.1,2,2.9,2.3,3.4,2.5,3.3,2.8,3,3.2,3.3,3,2.9,3.2,3.9,4.1,5.6,6.4,6.2,4.2,3.7,2.9,2.5,1.5,1.8,1.2,1.6,1.5,1.5,0,14.1,0,15.8,0.7,17.9,20.9,14.4,0.7,11.4,0.1,23.1,0.2,15.8,1,28.6,1.1,34.5,0.3,44.2,0.5,36.4,1.8,38.4,0.1,41.2,0.2,32.1,0.7,31.3,0.1,4.4,0.1,3.8,0.4,3.6,0.2,37.4,0.4,60.8,1.2,43.3,2.60,2360,26271,92480,15.2,16.1,11.0,9433.64853605162,0.32,258788.263720468,8.67,750889.540395882,25.15,851362.707801949,28.52,120926.338652078,4.05,14859.6215695255,0.50,120569.368679178,4.04,334127.25588602,11.19,435508.47034969,14.59,29897.8392147492,1.00,55044.8153448905,1.84,4026.65593672916,0.13,2985434.52608721,65,926,255,2076,298,23,39,276,124,56,109,12,4259,13,41,5,42,14289466,514,4644,21117,82557,3463498,11486635,1917244,20v4,Y2014-2018,2020/06/24,2019
104,3807,2.3,0,0,154496,15.5,17.2,5.2,59.1,0.9,0.6,0.7,0.8,1.4,1.1,2.1,1.4,2.1,2.4,2.7,3.1,2.7,3.7,3.6,2.9,3.9,3,4.8,3.8,5.1,6.4,7.2,7.2,7,4,3.3,1.7,1.1,0.9,0.8,1,1,1.8,1.5,0,14.1,0,15.8,0.7,13.4,20.9,14.4,0.6,8.2,0.1,23.1,0.2,15.8,1,9.7,1.2,30.8,0.3,44.2,0.5,36.4,1.9,33.9,0.1,41.2,0.2,32.1,0.6,26.7,0.1,4.4,0.1,3.8,0.4,3.5,0.2,37.4,0.4,60.8,1.2,74.1,3.00,2792,26271,92480,18.1,16.1,11.0,26852.2637944652,0.86,239588.942099894,7.70,450361.687431001,14.48,645208.920114137,20.74,548400.134784286,17.63,73867.1048474075,2.37,414669.38709927,13.33,364108.361834046,11.71,87397.7584015056,2.81,103574.442032075,3.33,137880.046519582,4.43,18524.315151982,0.60,3110433.36410965,162,960,320,1008,479,55,94,163,25,73,70,8,3417,7,38,2,29,16322398,377,3829,9668,85706,186410,8430455,442059,20v4,Y2014-2018,2020/06/24,2019
105,3807,2.3,0,0,154496,15.5,17.2,5.2,59.1,0.9,0.6,0.7,0.8,1.4,1.1,2.1,1.4,2.1,2.4,2.7,3.1,2.7,3.7,3.6,2.9,3.9,3,4.8,3.8,5.1,6.4,7.2,7.2,7,4,3.3,1.7,1.1,0.9,0.8,1,1,1.8,1.5,0,14.1,0,15.8,0.7,13.4,20.9,14.4,0.6,8.2,0.1,23.1,0.2,15.8,1,9.7,1.2,30.8,0.3,44.2,0.5,36.4,1.9,33.9,0.1,41.2,0.2,32.1,0.6,26.7,0.1,4.4,0.1,3.8,0.4,3.5,0.2,37.4,0.4,60.8,1.2,74.1,3.00,4538,26271,92480,29.4,16.1,11.0,2333.41173059493,0.09,18285.9187077086,0.67,146151.700569178,5.33,398463.83584848,14.54,1800499.27815028,65.69,6982.42065376416,0.25,85969.1554573467,3.14,177930.13764978,6.49,43720.0146457888,1.59,25619.5289129391,0.93,25443.2830595783,0.93,9703.97605826007,0.35,2741102.6614437,15,76,186,780,1643,12,22,113,7,38,109,17,3018,3,23,7,13,0,0,3127,0,49436,0,0,0,20v4,Y2014-2018,2020/06/24,2019
106,3808,2.9,0,0,146915,7.3,16.6,3.4,69.7,1.7,0.9,1.3,1,1.8,1.2,2.7,1.9,3,2.5,3.1,2.2,2.6,2.9,2.4,2.5,3,3.1,2.7,3.7,3.8,5.4,5.7,8.4,7.3,4.8,4.1,2,1.3,1,1.1,1.2,1,1.8,1.8,0,14.1,0,15.8,0.8,18.2,20.9,14.4,0.8,8.8,0.1,23.1,0.2,15.8,0.8,5.8,1.4,23.2,0.3,44.2,0.5,36.4,2,35.1,0.1,41.2,0.2,32.1,0.7,27.1,0.1,4.4,0.1,3.8,0.4,2.5,0.2,37.4,0.4,60.8,1.3,80.5,3.00,1715,26271,92480,11.7,16.1,11.0,42811.4391493518,1.77,110878.12840328,4.60,412829.234955315,17.11,848595.075795582,35.17,346003.353092986,14.34,199.431692391634,0.01,98910.6899736697,4.10,394105.509377779,16.33,79367.2330697874,3.29,15899.832605293,0.66,58087.2664006147,2.41,5075.41218510643,0.21,2412762.60670116,260,498,418,940,319,1,41,209,37,23,62,4,2812,6,48,3,16,9894266,172,3056,18432,100985,421249,6729964,107937,20v4,Y2014-2018,2020/06/24,2019
107,3806,3.5,0,0,195143,14.6,9.1,5.4,68,2,1.4,1.3,0.8,1.9,1.1,3.2,2.3,3.8,2.8,3.6,3,3.5,2.8,3.3,3.4,3.3,4.1,3.3,4.2,3.4,5.3,4.4,4.4,3.9,2.3,1.2,1.5,1.4,2.1,1.8,2.4,1.7,2.7,2.8,0,14.1,0,15.8,0.8,20.6,20.9,14.4,0.6,15.5,0.1,23.1,0.2,15.8,1,8.4,1.1,22.1,0.3,44.2,0.5,36.4,1.8,31.4,0.1,41.2,0.2,32.1,0.6,32.2,0.1,4.4,0.1,3.8,0.5,3.3,0.2,37.4,0.4,60.8,1.2,77,2.90,1860,26271,92480,9.5,16.1,11.0,83445.3288269909,2.16,420231.444709017,10.89,925457.816939763,23.97,717189.452336648,18.58,139629.092698137,3.62,3042.62642659247,0.08,362941.764843693,9.40,395026.413186935,10.23,736562.367332475,19.08,9654.47814321332,0.25,67005.0659444249,1.74,229.441994279623,0.01,3860415.29338217,475,1921,794,787,120,4,12,208,36,17,51,1,4426,4,18,4,35,30699955,17,4719,2197,129548,5477848,10669806,8228273,20v4,Y2014-2018,2020/06/24,2019
108,3805,3.3,0,0,215449,9.7,10.2,2.3,75.3,1.8,1.4,1.6,1.2,2.5,1.6,3,1.9,3.5,2.4,2.9,2.5,3,2.7,3,3.3,3,3.2,2.8,4.2,3.9,6.9,4.7,7,3.6,2.3,1.5,1.1,1.3,1.6,1.8,2.3,1.9,2.4,2.9,0,14.1,0,15.8,0.7,20.8,20.9,14.4,0.6,14.6,0.1,23.1,0.2,15.8,0.7,6.1,1.1,23.6,0.3,44.2,0.5,36.4,2.1,32.5,0.1,41.2,0.2,32.1,0.7,31.4,0.1,4.4,0.1,3.8,0.3,2,0.2,37.4,0.4,60.8,1.3,80.5,2.50,2192,26271,92480,10.2,16.1,11.0,199346.16374342,5.66,323077.491572969,9.17,1301766.39157745,36.97,827084.571494072,23.49,154371.895561086,4.38,7098.23286268115,0.20,70295.8197972607,2.00,485963.588289272,13.80,85136.1880204561,2.42,19549.1371222753,0.56,40437.966052318,1.15,7287.65889895707,0.21,3521415.10499221,1053,1184,953,1596,260,11,42,302,8,27,69,15,5520,18,40,5,20,9071429,193,5950,15996,151357,860600,8953044,656500,20v4,Y2014-2018,2020/06/24,2019
109,3802,3.2,0,0,129467,38.8,8.8,21.5,27.6,1.1,0.5,1.3,0.7,1.4,0.8,1.8,1,2.1,1.6,2.7,2.4,2.2,2.4,3.1,3,3,2.6,2.4,3.4,3.3,4.2,4.5,6.8,6.6,6.9,5.6,3.7,3.1,1.8,2.3,2,2,2.1,2.3,0,14.1,0,15.8,0.8,12.4,20.9,14.4,0.8,15.1,0.1,23.1,0.2,15.8,1.3,20.8,1.5,34.6,0.3,44.2,0.5,36.4,1.8,45.1,0.1,41.2,0.2,32.1,0.8,36.5,0.1,4.4,0.1,3.8,0.6,3.8,0.2,37.4,0.4,60.8,1.7,45.4,3.30,1450,26271,92480,11.2,16.1,11.0,60752.3159455345,2.53,265716.423984571,11.06,480703.344183992,20.00,229517.951049956,9.55,69399.8035656097,2.89,16167.2666777871,0.67,255060.550500983,10.61,578872.215424764,24.09,289766.267631335,12.06,20529.6254666764,0.85,54884.216528486,2.28,81931.9772588462,3.41,2403301.95821854,379,937,374,326,76,16,25,196,17,25,91,4,2466,6,19,3,18,3117361,31,2608,0,45968,858628,2955135,1066808,20v4,Y2014-2018,2020/06/24,2019
110,3803,3.8,0,0,137181,23.8,3.4,55.3,14.2,1.4,0.3,1,0.2,0.8,0.8,1.6,0.9,2.1,1.4,2.8,2.3,3.2,2.5,3.7,3.5,3,3.4,3.5,4.3,3.6,5.5,4.2,5.9,4.9,3.7,3.6,2.5,2.2,2.8,2.4,2.7,2.6,3.5,3.6,0,14.1,0,15.8,0.5,10.4,20.9,14.4,0.9,20.4,0.1,23.1,0.2,15.8,1,11.3,1.4,23.4,0.3,44.2,0.5,36.4,1.7,38.6,0.1,41.2,0.2,32.1,0.7,37.2,0.1,4.4,0.1,3.8,0.6,6.2,0.2,37.4,0.4,60.8,1.5,38.6,3.30,1950,26271,92480,14.2,16.1,11.0,98122.5409315319,3.96,488422.491802031,19.73,533125.560156961,21.54,553130.660391719,22.34,115265.35314622,4.66,14450.508898139,0.58,17221.6252242309,0.70,346537.172883241,14.00,234079.84027843,9.46,19061.4633838823,0.77,50603.8659698897,2.04,5445.03785058856,0.22,2475466.12091686,606,2017,305,719,117,9,14,275,61,28,182,9,4342,7,39,5,22,3928079,53,4623,5576,61032,448283,4794516,471515,20v4,Y2014-2018,2020/06/24,2019
111,3804,3.5,0,0,124541,45.6,7.7,30.9,13.7,1.4,0.7,1.2,0.5,1.7,0.8,1.6,1,2.3,1.5,2.9,2.4,3.6,2.4,3.1,3.4,2.4,3.5,2.8,4.3,3.2,4.2,4.3,4.9,5.2,4,4,3.2,3.1,2.6,3.1,2.5,2.8,2.8,2.9,0,14.1,0,15.8,0.6,12.9,20.9,14.4,0.9,20.4,0.1,23.1,0.2,15.8,1.3,20,1.1,23.5,0.3,44.2,0.5,36.4,1.6,38.3,0.1,41.2,0.2,32.1,0.9,35.8,0.1,4.4,0.1,3.8,0.6,5.3,0.2,37.4,0.4,60.8,1.6,31.4,2.10,1934,26271,92480,15.5,16.1,11.0,16787.3760083669,0.36,236554.172778215,5.08,907279.094600349,19.49,382117.101184081,8.21,109729.556142792,2.36,21985.6261066664,0.47,334200.866994912,7.18,495084.334391598,10.64,1961340.74286057,42.14,85115.9364722921,1.83,98076.3021328138,2.11,5807.16661387682,0.12,4654078.27628654,109,1029,223,824,171,51,47,235,58,119,230,12,3108,14,54,2,35,40552820,1165,3267,23692,58245,22796044,40464854,22786347,20v4,Y2014-2018,2020/06/24,2019
112,3801,3,0,0,219657,68.8,3,7.6,18.9,1.6,0.6,1,0.6,1.6,1,1.9,1.3,2.5,2,3.1,2.3,3.1,2.8,2.8,3.3,3.2,3,3.3,3.7,3.9,4.7,5.1,5.5,6,3.7,3.8,2.5,2.4,2.1,2.4,2.4,2.5,2.6,2.8,0,14.1,0,15.8,0.5,14.1,20.9,14.4,0.6,17.4,0.1,23.1,0.2,15.8,1.1,37.9,1,46.4,0.3,44.2,0.5,36.4,1.7,43.4,0.1,41.2,0.2,32.1,0.8,41.2,0.1,4.4,0.1,3.8,0.5,6.1,0.2,37.4,0.4,60.8,1.2,33.3,1.70,1981,26271,92480,9.0,16.1,11.0,26717.041908802,0.50,502846.920370616,9.47,620542.889317388,11.69,601668.034106939,11.33,155113.738651076,2.92,23873.2406562939,0.45,409107.247045254,7.70,487909.206897119,9.19,2200520.46932428,41.44,107444.968353111,2.02,166591.432326141,3.14,7603.9329668507,0.14,5309939.12192387,163,922,395,597,181,11,54,192,39,101,76,5,2736,10,42,3,40,31934689,99,2883,1167,73725,23214561,33035885,23257403,20v4,Y2014-2018,2020/06/24,2019
201,3710,3.1,0,0,158185,66.8,0.7,29.3,2,0.9,0.2,0.8,0.3,1.1,0.7,1.3,1,1.5,0.9,2,1.7,2.5,2.5,3,3.5,2.8,3,2.5,3.7,3.6,4,4.4,4.2,4.9,4,4.9,3.9,3.9,3.4,4,3.9,4.2,3.3,4.4,0,14.1,0,12.1,0.4,8.8,20.9,25.1,0.8,27.9,0.1,23.1,0.3,25.8,1.2,33.7,1,30.2,0.3,44.2,0.6,50.9,1.7,50.3,0.1,41.2,0.3,44.8,0.9,43.4,0.1,4.4,0.2,6.3,0.7,6.1,0.2,37.4,0.3,19.8,0.8,10.7,1.20,2205,18859,92480,13.9,13.1,11.0,228149.470371985,5.78,293489.755833817,7.43,591062.742217412,14.97,334964.834097723,8.48,246383.059123958,6.24,749189.064429633,18.98,287673.759493327,7.29,420645.755829246,10.65,238658.320202583,6.05,159578.758946384,4.04,134929.569935743,3.42,263240.94706061,6.67,3947966.03754242,1176,836,114,531,282,295,101,179,43,196,216,48,4017,3,51,2,35,13036520,327,4327,2057,40392,0,11397366,45153,20v4,Y2014-2018,2020/06/24,2019
202,3710,3.1,0,0,158185,66.8,0.7,29.3,2,0.9,0.2,0.8,0.3,1.1,0.7,1.3,1,1.5,0.9,2,1.7,2.5,2.5,3,3.5,2.8,3,2.5,3.7,3.6,4,4.4,4.2,4.9,4,4.9,3.9,3.9,3.4,4,3.9,4.2,3.3,4.4,0,14.1,0,12.1,0.4,8.8,20.9,25.1,0.8,27.9,0.1,23.1,0.3,25.8,1.2,33.7,1,30.2,0.3,44.2,0.6,50.9,1.7,50.3,0.1,41.2,0.3,44.8,0.9,43.4,0.1,4.4,0.2,6.3,0.7,6.1,0.2,37.4,0.3,19.8,0.8,10.7,1.20,864,18859,92480,5.5,13.1,11.0,176897.218069906,4.16,255877.992328895,6.02,128711.040855585,3.03,174459.888960297,4.10,129763.759808656,3.05,1416949.92689592,33.34,387873.751567242,9.13,244873.312335407,5.76,106865.242465636,2.51,97664.0723759427,2.30,221539.183639327,5.21,908881.863044123,21.38,4250357.25234693,813,760,115,203,113,362,110,103,35,109,193,80,2996,2,29,1,15,31871174,185,3218,0,20518,545000,31159937,653423,20v4,Y2014-2018,2020/06/24,2019
203,3705,3.2,0,0,171832,63.1,1,30.7,4,0.6,0.3,0.6,0.4,1,0.8,1.6,0.8,1.9,1.4,2.3,2.1,3,2.6,2.7,3.3,2.6,3,2.5,3.5,2.5,4,2.9,4.7,4.5,4.7,4.4,4.2,4.2,3.8,3.9,3.7,3.9,4.7,3.9,0,14.1,0,12.1,0.4,9.4,20.9,25.1,0.8,28.4,0.1,23.1,0.3,25.8,1,27.5,1.1,31.4,0.3,44.2,0.6,50.9,1.8,50.7,0.1,41.2,0.3,44.8,1,44.2,0.1,4.4,0.2,6.3,0.6,7.8,0.2,37.4,0.3,19.8,0.9,13.2,1.20,1495,18859,92480,8.7,13.1,11.0,304736.550079558,10.25,368940.735376788,12.41,376741.05549607,12.67,289472.025115643,9.73,168546.033306858,5.67,197494.48176143,6.64,75396.4771152157,2.54,374194.283036476,12.58,604715.499806568,20.34,103129.172657458,3.47,82615.5061596877,2.78,27623.7765994016,0.93,2973605.59651115,1201,1039,120,319,122,119,49,207,50,201,254,35,3716,11,38,1,43,312000,1,3639,0,35289,312000,568370,312000,20v4,Y2014-2018,2020/06/24,2019
204,3708,3.7,0,0,142071,65.7,1.3,29,2,0.8,0.4,0.7,0.3,1.1,0.6,1.7,1,2,1.3,2.6,2,3.1,2.7,2.8,3.4,2.9,3.7,3.1,3.4,3,3.9,3.6,4,3.9,4,4.1,3.5,4.1,4.4,3.6,4.2,3.6,3.4,3.3,0,14.1,0,12.1,0.5,9.9,20.9,25.1,0.8,27.3,0.1,23.1,0.3,25.8,1.4,34.4,1.3,42.9,0.3,44.2,0.6,50.9,2.2,53.9,0.1,41.2,0.3,44.8,0.9,42,0.1,4.4,0.2,6.3,0.6,6.3,0.2,37.4,0.3,19.8,1,15.6,2.00,2359,18859,92480,16.6,13.1,11.0,157209.884959441,4.48,430487.926546816,12.27,518652.174306685,14.79,351481.995192093,10.02,241457.537930817,6.88,88943.64835901,2.54,338782.611763552,9.66,429692.163970208,12.25,543472.660219098,15.49,227097.435064328,6.47,120826.312848371,3.44,59453.6650975724,1.70,3507558.01625799,733,1101,305,336,190,29,79,164,74,140,200,26,3377,9,41,3,36,4219938,37,3327,0,53482,775550,3541782,572822,20v4,Y2014-2018,2020/06/24,2019
205,3707,3.8,0,0,137655,69.5,1.2,26.8,1.1,0.4,0.2,0.3,0.3,1,0.5,1.3,1,1.9,1.3,2.2,1.6,2.8,2.5,3.5,3.6,2.5,3,2.4,3.8,3,3.8,3.3,4.8,4.5,4.3,4.2,4.1,3.9,3.8,3.7,3.7,4.2,4.6,4.3,0,14.1,0,12.1,0.5,8.2,20.9,25.1,0.7,29.1,0.1,23.1,0.3,25.8,1.3,36.4,1.1,42.8,0.3,44.2,0.6,50.9,1.6,58.3,0.1,41.2,0.3,44.8,0.9,43.3,0.1,4.4,0.2,6.3,0.7,7.3,0.2,37.4,0.3,19.8,0.8,12.3,1.40,1675,18859,92480,12.2,13.1,11.0,279432.287566678,12.08,383966.87464323,16.59,422047.265713814,18.24,281789.948693123,12.18,162496.552066034,7.02,29195.5695263706,1.26,71541.3342979383,3.09,368694.943252235,15.93,151836.663495066,6.56,53150.3090685386,2.30,104910.191831787,4.53,5039.7099822606,0.22,2314101.65013708,1146,865,314,284,218,16,35,136,60,84,136,11,3305,5,47,2,29,2582900,11,3465,1654,51662,540666,2581186,540666,20v4,Y2014-2018,2020/06/24,2019
206,3705,3.2,0,0,171832,63.1,1,30.7,4,0.6,0.3,0.6,0.4,1,0.8,1.6,0.8,1.9,1.4,2.3,2.1,3,2.6,2.7,3.3,2.6,3,2.5,3.5,2.5,4,2.9,4.7,4.5,4.7,4.4,4.2,4.2,3.8,3.9,3.7,3.9,4.7,3.9,0,14.1,0,12.1,0.4,9.4,20.9,25.1,0.8,28.4,0.1,23.1,0.3,25.8,1,27.5,1.1,31.4,0.3,44.2,0.6,50.9,1.8,50.7,0.1,41.2,0.3,44.8,1,44.2,0.1,4.4,0.2,6.3,0.6,7.8,0.2,37.4,0.3,19.8,0.9,13.2,1.20,1312,18859,92480,7.6,13.1,11.0,272147.639731454,10.30,418854.084006938,15.85,257783.261966445,9.75,265340.088568389,10.04,196755.113200127,7.44,67186.2227243071,2.54,178913.518212607,6.77,613082.67029924,23.19,144453.374091928,5.47,129551.233219902,4.90,92707.5232143776,3.51,6434.59587240242,0.24,2643209.32510812,1272,1311,152,418,219,73,76,156,54,198,210,26,4165,5,38,3,39,135731,8,4338,0,35241,0,474730,0,20v4,Y2014-2018,2020/06/24,2019
207,3706,3.6,0,0,132075,71.5,5.6,14.9,5.8,0.7,0.3,0.7,0.5,0.9,0.7,1.7,1,1.9,1.4,2.8,2.4,2.9,2.4,2.7,3,3,3,2.8,3.7,3.2,4.4,4.6,4.5,4.8,3.7,3.9,3.2,3.3,3.7,3.5,3.3,3.1,4.5,4.3,0,14.1,0,12.1,0.6,9.6,20.9,25.1,1,26.4,0.1,23.1,0.3,25.8,1.5,35.2,1.7,44.5,0.3,44.2,0.6,50.9,2.1,54.4,0.1,41.2,0.3,44.8,1,44.9,0.1,4.4,0.2,6.3,0.8,7.5,0.2,37.4,0.3,19.8,1,16.6,2.20,1900,18859,92480,14.4,13.1,11.0,319707.152860823,9.60,487184.268258097,14.62,481441.937209693,14.45,298845.341952339,8.97,197150.081854255,5.92,34193.7706457404,1.03,309108.361046836,9.28,716565.532639217,21.51,241865.991777137,7.26,69317.3529309515,2.08,168879.941215951,5.07,7128.7687282688,0.21,3331388.50111931,1239,971,349,358,228,20,57,164,23,77,122,13,3621,6,30,2,26,3070806,18,4056,0,52909,0,3068077,0,20v4,Y2014-2018,2020/06/24,2019
208,3701,3.2,0,0,109781,48.8,4.4,12,32.3,2.6,1,1.5,1,2.1,1.3,2.2,1.6,3,2.7,3.4,2.2,3.3,2.8,2.6,3.4,2.9,3,2.9,3.5,2.9,3.9,3.5,3.8,3.8,3.3,3.3,2.2,2.7,2.4,2.7,3.1,3,3.4,4,0,14.1,0,12.1,0.8,19,20.9,25.1,0.8,21.1,0.1,23.1,0.3,25.8,1.2,20.6,1.5,34.2,0.3,44.2,0.6,50.9,2.1,46.6,0.1,41.2,0.3,44.8,1.1,46.2,0.1,4.4,0.2,6.3,0.6,5,0.2,37.4,0.3,19.8,1.4,40.3,2.50,961,18859,92480,8.8,13.1,11.0,1743242.36405206,26.49,284513.03231528,4.32,1142471.24704041,17.36,174266.137579645,2.65,212675.110580122,3.23,43946.5230620368,0.67,757674.191589358,11.51,1208692.36486634,18.36,560728.809553027,8.52,57143.3816669853,0.87,336294.13917781,5.11,59953.1670896391,0.91,6581600.46857271,3067,552,286,161,189,11,38,141,49,60,431,13,4998,6,10,5,19,24907322,101,5461,1054,45263,6624045,15016555,1152050,20v4,Y2014-2018,2020/06/24,2019
209,3709,3.7,0,0,186915,58.4,7.4,28.7,2.9,0.9,0.4,0.9,0.6,1.6,1,1.8,1.3,2.4,1.6,3.1,2.3,3.3,2.5,2.8,3.5,3.4,3.2,2.4,3.8,3,3.7,3.6,4.3,4.1,4.1,3.9,2.9,3.2,3.4,3.2,3,3.9,3.4,3.9,0,14.1,0,12.1,0.6,12.5,20.9,25.1,0.7,24.5,0.1,23.1,0.3,25.8,1,24.8,1.2,33.1,0.3,44.2,0.6,50.9,1.6,48.9,0.1,41.2,0.3,44.8,0.9,46.4,0.1,4.4,0.2,6.3,0.5,6,0.2,37.4,0.3,19.8,0.9,17.4,2.60,1783,18859,92480,9.5,13.1,11.0,1582256.03227353,21.50,1024029.20214681,13.92,1244351.14147295,16.91,457798.010172706,6.22,409794.003673036,5.57,301921.883308468,4.10,220538.454579171,3.00,464302.039707176,6.31,942914.957544163,12.81,263901.118951129,3.59,371414.058392175,5.05,75052.8462753013,1.02,7358273.74849661,6227,3154,110,310,275,70,57,154,44,187,392,33,11013,8,14,4,41,23183584,807,13464,1172,66385,9258505,32556528,9695178,20v4,Y2014-2018,2020/06/24,2019
210,3703,3.8,0,0,121313,39.4,3,27.8,27.5,2.4,0.7,1.7,1.1,2.5,1.3,2.7,1.9,3.1,2.4,3.8,3.1,3.4,2.7,3.3,3.7,3,3,3.6,3.7,2.9,3.2,2.6,3.8,2.7,2.9,3.4,2.7,2.6,2.4,3,2.6,2.8,2.9,2.6,0,14.1,0,12.1,1.1,19.9,20.9,25.1,0.9,19.4,0.1,23.1,0.3,25.8,1,11.9,1.5,21.3,0.3,44.2,0.6,50.9,3.4,38.2,0.1,41.2,0.3,44.8,1.4,45.1,0.1,4.4,0.2,6.3,0.7,4.4,0.2,37.4,0.3,19.8,1.6,27.9,2.30,1121,18859,92480,9.2,13.1,11.0,3701493.91862191,33.06,751862.642036763,6.72,906671.984610937,8.10,184343.368911819,1.65,824767.791829902,7.37,197416.308037018,1.76,140376.605588682,1.25,1245681.19451631,11.13,2223330.59193943,19.86,223786.12640439,2.00,628072.651155813,5.61,166850.588933591,1.49,11194653.7725866,11174,1862,56,379,376,94,65,142,67,223,734,52,15224,5,11,5,23,79601257,4284,20159,20560,49936,13373757,64511121,10831814,20v4,Y2014-2018,2020/06/24,2019
211,3704,3.4,0,0,129333,47,7.8,21.4,21.7,1.7,0.7,1.4,0.7,1.5,1.1,1.6,1.3,2.4,2,3,2.3,3.2,3,3.3,3,3.1,3.7,3.6,3.6,3.3,3.8,3.6,4.4,4.3,3.3,2.9,3,3.4,2.9,3,3,3.3,2.8,3.4,0,14.1,0,12.1,0.7,14.4,20.9,25.1,1,22.3,0.1,23.1,0.3,25.8,1,22.7,1.2,33.6,0.3,44.2,0.6,50.9,2.1,49,0.1,41.2,0.3,44.8,0.9,44,0.1,4.4,0.2,6.3,0.6,6,0.2,37.4,0.3,19.8,1.1,24.8,2.10,1043,18859,92480,8.1,13.1,11.0,2467247.99345936,39.38,532267.136925473,8.50,471531.14018803,7.53,256753.410140426,4.10,462047.156604427,7.38,158965.616321186,2.54,482109.601447394,7.70,1073517.26063058,17.14,44619.2671868398,0.71,102229.244067029,1.63,130147.969945502,2.08,83402.1058226841,1.33,6264837.90273892,9211,1711,158,398,330,67,124,135,14,172,377,21,12718,1,38,3,22,8501914,94,15207,9,52668,63180,10918070,0,20v4,Y2014-2018,2020/06/24,2019
212,3702,3.8,0,0,148712,23.4,3.1,64.8,6.3,1,0.5,1,0.6,1.8,0.9,1.8,1.3,2.3,1.9,3.4,2.5,3.8,2.8,3.2,4,3.1,3.3,3,3.4,2.6,3.7,2.6,4.6,3.7,4.3,3.9,3.5,3.1,3,3.3,2.9,2.8,3.2,3.1,0,14.1,0,12.1,0.6,13.2,20.9,25.1,0.8,22.3,0.1,23.1,0.3,25.8,0.6,9,1.2,40.4,0.3,44.2,0.6,50.9,2.1,52.6,0.1,41.2,0.3,44.8,1.1,47.1,0.1,4.4,0.2,6.3,0.5,6.3,0.2,37.4,0.3,19.8,1.2,23.4,2.40,2022,18859,92480,13.6,13.1,11.0,3720781.32114802,36.13,1173747.51058254,11.40,552928.789458368,5.37,206107.999052828,2.00,397906.28314813,3.86,301455.748208166,2.93,625909.873226704,6.08,637877.597342885,6.19,2162523.1332721,21.00,154491.477161956,1.50,329507.368157695,3.20,34406.4352940364,0.33,10297643.5360534,14386,3568,108,488,401,142,173,245,26,306,764,49,20656,1,20,4,28,8499738,89,24542,57,55401,4518358,10641980,4518358,20v4,Y2014-2018,2020/06/24,2019
301,4001,2,0,0,161365,22.9,7,4.5,63,0.9,0.5,0.8,0.3,1,0.7,1,0.7,1.8,1.7,2.2,2,2.2,2,2.1,2.1,2.4,2.9,3.1,4.6,5.1,6.5,7.3,7.5,6.7,3.4,2.7,2.1,2.4,2.5,2.6,2.9,2.9,3.9,4.4,0,14.1,0,13.2,0.5,9.6,20.9,23.1,0.8,22,0.1,23.1,0.2,23.6,0.9,22.5,0.9,22.9,0.3,44.2,0.4,45.4,1.6,40.2,0.1,41.2,0.2,42.6,0.5,34.5,0.1,4.4,0.1,4.4,0.5,3.7,0.2,37.4,0.3,36.5,1.2,49.6,2.60,2056,26514,92480,12.7,10.2,11.0,460259.283941612,5.26,1479917.69975056,16.92,650453.397961271,7.44,1095757.7435193,12.53,396187.880150945,4.53,1997663.59234926,22.84,985697.79194135,11.27,469700.587826217,5.37,450139.536548807,5.15,244029.828847348,2.79,248732.963691271,2.84,266833.373867756,3.05,8745373.68039569,2540,5897,453,2854,458,1159,138,342,90,374,368,260,14933,11,26,4,32,33617300,1224,16461,10884,90331,3917039,40468684,3909515,20v4,Y2014-2018,2020/06/24,2019
302,4004,2.8,0,0,141306,14.6,9.3,25.1,46.4,1,0.5,0.9,0.5,1.1,0.7,1.5,0.8,2.3,1.5,2.7,2.2,2.4,2.2,2.2,3.4,3.3,3.8,3.6,5,4.7,6.7,6,6.1,5.5,3.8,2.8,2.5,2.2,1.9,2.1,2.4,2.4,3.2,3.4,0,14.1,0,13.2,0.4,10.7,20.9,23.1,0.7,17.9,0.1,23.1,0.2,23.6,0.8,9.5,0.8,19.4,0.3,44.2,0.4,45.4,1.7,31.2,0.1,41.2,0.2,42.6,0.5,35.2,0.1,4.4,0.1,4.4,0.5,4.6,0.2,37.4,0.3,36.5,1.2,62.9,4.60,2105,26514,92480,14.9,10.2,11.0,457401.172031153,8.47,674803.825919173,12.49,537776.758989143,9.96,685629.637308725,12.69,386789.615080475,7.16,147056.983101135,2.72,1108933.14954788,20.53,760759.107092457,14.08,436834.692996673,8.09,71479.3236234137,1.32,103401.682796928,1.91,30885.2640987119,0.57,5401751.21258587,2481,2929,257,1235,302,151,69,247,109,137,193,36,8146,15,32,4,30,14688214,249,8646,1811,72520,1055605,15758741,802754,20v4,Y2014-2018,2020/06/24,2019
303,4003,3,0,0,147107,19,3.2,49.5,26,0.6,0.3,0.9,0.4,1.3,0.7,1.4,1.1,1.8,1.5,2.3,1.7,3.1,2.2,2.5,2.9,2.7,3,2.6,3.9,3.3,4.7,4.4,6.3,5.7,4.3,3.8,3,2.9,3.1,3.3,3.2,3.5,4.1,4.4,0,14.1,0,13.2,0.4,10.1,20.9,23.1,0.9,25.3,0.1,23.1,0.2,23.6,0.9,12.1,1,19.8,0.3,44.2,0.4,45.4,1.8,45.1,0.1,41.2,0.2,42.6,0.8,41.8,0.1,4.4,0.1,4.4,0.5,5.7,0.2,37.4,0.3,36.5,1.2,33.8,2.30,2717,26514,92480,18.5,10.2,11.0,1244282.66556546,23.99,1447415.01746345,27.91,619295.293935541,11.94,474740.863281629,9.15,147205.825090616,2.84,150615.861280408,2.90,40366.5889052139,0.78,614339.114873785,11.84,152329.893808025,2.94,91441.0609288624,1.76,187767.620544713,3.62,16772.5973277048,0.32,5186572.40300541,6844,6521,223,1500,228,164,43,365,37,232,695,50,16902,8,31,3,38,0,0,17077,0,72019,0,1477846,0,20v4,Y2014-2018,2020/06/24,2019
304,4002,2.7,0,0,129976,55.3,5.1,18.4,18.9,0.6,0.2,0.8,0.5,0.9,0.6,1.5,1,1.7,1.2,2.2,1.4,2.4,2.1,2.5,2.5,2.4,2.8,3.1,3.7,4,5,5.7,7,8.1,5.5,5.3,2.6,2.7,2.6,2.8,2.8,3,3,3.1,0,14.1,0,13.2,0.5,9.1,20.9,23.1,0.8,20.5,0.1,23.1,0.2,23.6,1.2,30.1,1.2,30.8,0.3,44.2,0.4,45.4,1.8,47.2,0.1,41.2,0.2,42.6,0.6,41.3,0.1,4.4,0.1,4.4,0.6,5.6,0.2,37.4,0.3,36.5,1.1,29,2.30,1600,26514,92480,12.3,10.2,11.0,764249.369629338,19.99,1143716.84449495,29.92,128685.192022372,3.37,347588.929983533,9.09,152786.40472321,4.00,165888.054839278,4.34,61960.192191455,1.62,318385.35252022,8.33,589935.254288048,15.43,66986.1543400248,1.75,63684.5297679724,1.67,19117.5694457218,0.50,3822983.84824612,4026,4673,98,1190,218,151,55,181,100,203,227,60,11182,5,24,2,28,0,0,11554,0,44761,0,0,0,20v4,Y2014-2018,2020/06/24,2019
305,4008,3.8,0,0,158774,37.9,4.1,52.1,3.7,1,0.5,0.9,0.5,1.1,0.8,1.8,1.1,2.2,1.5,3,2.3,3.2,2.8,3.2,4,2.6,3.4,2.6,3.6,2.9,4.1,3.2,4.2,3.7,4,3.4,3.1,3.3,3.3,3.4,3.8,3.7,4,3.9,0,14.1,0,13.2,0.6,11.5,20.9,23.1,0.9,25.9,0.1,23.1,0.2,23.6,0.8,15.7,1.2,35.5,0.3,44.2,0.4,45.4,1.7,49.7,0.1,41.2,0.2,42.6,0.8,44.9,0.1,4.4,0.1,4.4,0.5,4.4,0.2,37.4,0.3,36.5,0.9,14.8,2.20,3423,26514,92480,21.6,10.2,11.0,2750075.86075376,26.49,1134749.89427817,10.93,957181.391111509,9.22,480405.056921885,4.63,419323.003544111,4.04,695296.925068666,6.70,591907.250137786,5.70,786371.251987145,7.57,1309132.4132184,12.61,627019.63925785,6.04,552419.853135508,5.32,78121.4647695682,0.75,10382004.0041844,12588,4165,54,1272,305,383,188,352,80,529,889,174,20979,5,31,4,47,8016569,31,23514,48,66644,4423540,24285709,4561040,20v4,Y2014-2018,2020/06/24,2019
306,4005,2.8,0,0,118497,16.3,7,7.2,64.1,0.7,0.3,0.9,0.5,0.9,0.7,1.5,1.3,2,1.5,2.3,2,2.6,2.4,2.7,3.5,3.9,4.3,4.4,5.6,5.2,6.7,5.8,5.3,4.1,2.4,1.3,1.8,1.8,1.9,2.4,3.2,2.7,4,4.3,0,14.1,0,13.2,0.6,10.4,20.9,23.1,0.7,21.2,0.1,23.1,0.2,23.6,0.7,8.1,0.8,16.7,0.3,44.2,0.4,45.4,1.7,28.8,0.1,41.2,0.2,42.6,0.5,38.4,0.1,4.4,0.1,4.4,0.4,4,0.2,37.4,0.3,36.5,1.1,73,5.40,921,26514,92480,7.8,10.2,11.0,781815.405198133,13.70,1214877.61015141,21.29,369189.782019868,6.47,417571.372805297,7.32,344221.665004632,6.03,846114.183913208,14.83,513063.042678878,8.99,289690.062214888,5.08,319370.397219809,5.60,201587.083259726,3.53,240425.218069525,4.21,167844.633151443,2.94,5705770.45568681,4570,5591,124,1674,238,529,101,172,38,230,406,126,13799,8,18,4,24,30393868,1356,14220,6188,55680,2901397,17158841,2138561,20v4,Y2014-2018,2020/06/24,2019
307,4012,3.2,0,0,143847,39.8,31.3,2.6,24.4,0.8,0.3,0.9,0.6,1,0.8,1.2,1.1,1.9,1.8,2.4,2.2,2.4,2.6,3.3,3.4,3.3,3.4,3.8,4.2,4.5,4.6,5,4.9,5,3,2.8,2.4,2.3,2.7,3.2,3.4,3.7,4,4,0,14.1,0,13.2,0.5,10.3,20.9,23.1,0.6,24,0.1,23.1,0.2,23.6,1.2,48.2,1.2,46.2,0.3,44.2,0.4,45.4,1.9,48.1,0.1,41.2,0.2,42.6,0.7,42.9,0.1,4.4,0.1,4.4,0.4,3.8,0.2,37.4,0.3,36.5,1.2,29.6,1.90,1192,26514,92480,8.3,10.2,11.0,1185269.75046523,15.67,847639.856634541,11.21,114286.831491228,1.51,370780.501756689,4.90,231708.450150245,3.06,877467.669158684,11.60,1363462.42223973,18.03,271740.657142147,3.59,2106236.07999088,27.85,78843.9718347166,1.04,72008.518079805,0.95,44691.7250176787,0.59,7564136.43396157,6365,3725,85,1581,241,616,145,165,38,134,177,43,13315,4,32,2,21,21184138,223,14476,0,41988,0,21449373,49600,20v4,Y2014-2018,2020/06/24,2019
308,4006,3.7,0,0,131224,12,3.8,58.3,22.3,1.1,0.4,0.7,0.5,1.2,0.7,1.6,1.1,2.3,1.7,2.7,2.2,3.2,2.5,2.3,3.3,2.9,3.5,3.2,4.4,3.7,5.7,4.7,6.4,5.5,3.8,3.9,2.4,2.5,2.5,2.3,2.4,2.6,3.1,3.3,0,14.1,0,13.2,0.6,11.3,20.9,23.1,0.9,19.3,0.1,23.1,0.2,23.6,0.7,8.7,0.9,28.6,0.3,44.2,0.4,45.4,1.7,42.9,0.1,41.2,0.2,42.6,0.7,41.3,0.1,4.4,0.1,4.4,0.5,4.6,0.2,37.4,0.3,36.5,1.3,41.2,3.60,1140,26514,92480,8.7,10.2,11.0,558651.49252535,18.88,941189.549226854,31.81,381605.429108896,12.90,281352.856067626,9.51,78647.9438645724,2.66,80246.3680613842,2.71,66986.1265322501,2.26,294379.863871421,9.95,151191.926753778,5.11,59153.8049512687,2.00,58019.675947956,1.96,7025.68405335769,0.24,2958450.72096471,2724,3161,189,1037,118,100,68,207,13,133,236,43,8029,4,15,1,16,0,0,8333,0,49030,0,0,0,20v4,Y2014-2018,2020/06/24,2019
309,4011,3.2,0,0,109562,8.4,1.9,64.3,22.8,1.2,0.5,1.2,0.6,1.5,0.9,2.1,1.3,2.7,1.7,3.2,2.4,3.4,2.4,2.5,3.5,2.4,2.9,2.7,3.8,3.2,4.7,4.7,5.8,5.3,3.3,3.5,2.8,2.9,3.1,2.8,2.5,2.9,3.3,2.9,0,14.1,0,13.2,0.6,13.8,20.9,23.1,0.8,21.4,0.1,23.1,0.2,23.6,1.1,11.6,1.3,40.2,0.3,44.2,0.4,45.4,2,47.6,0.1,41.2,0.2,42.6,0.9,42.7,0.1,4.4,0.1,4.4,0.6,5.4,0.2,37.4,0.3,36.5,1.5,32.4,2.60,1044,26514,92480,9.5,10.2,11.0,961093.829206895,32.61,455772.750239836,15.46,350089.292323724,11.88,298669.095888968,10.13,93700.1725348841,3.18,25899.9507476427,0.88,50196.0062153372,1.70,577117.685678749,19.58,49917.6711878777,1.69,45829.8950759069,1.56,33797.6516717251,1.15,5152.57189203717,0.17,2947236.57266358,4193,1267,202,804,105,19,25,164,7,50,107,23,6966,3,21,2,21,0,0,8640,0,41084,0,0,0,20v4,Y2014-2018,2020/06/24,2019
310,4013,3.7,0,0,123075,16.6,24.4,2.1,54.6,1.8,0.7,1.3,0.9,1.5,1.3,2,1.8,2.8,2.3,3.3,3.1,3.4,3.4,3.5,3.2,3.3,3.3,3.2,3.6,3.2,4,4.2,3.8,4.2,2.7,2.7,2.5,2.2,2.6,2.5,2.6,2.7,3.1,3.3,0,14.1,0,13.2,0.7,16.6,20.9,23.1,0.6,19.6,0.1,23.1,0.2,23.6,1.1,28.3,1.1,39.1,0.3,44.2,0.4,45.4,1.7,43.4,0.1,41.2,0.2,42.6,0.7,44.5,0.1,4.4,0.1,4.4,0.4,3.8,0.2,37.4,0.3,36.5,1,41.8,2.30,753,26514,92480,6.1,10.2,11.0,2738046.68742994,36.10,749538.269789632,9.88,310594.53154217,4.09,441019.678783735,5.81,194410.405968898,2.56,26997.5522441217,0.36,190443.486680905,2.51,1122037.06488588,14.79,1733066.18206704,22.85,40601.5182794697,0.54,32286.7020555256,0.43,6450.70686780475,0.09,7585492.78659512,11686,2580,172,1838,272,40,75,147,29,86,142,17,17084,7,15,4,15,29143713,135,24076,0,53442,20075000,30590932,21476950,20v4,Y2014-2018,2020/06/24,2019
311,4017,3.5,0,0,189369,15.9,40.8,1,40.2,1.7,0.9,1.4,0.9,1.4,1.3,1.7,1.3,2.6,2.4,3.1,2.8,3.3,3.3,3.4,3.4,3.2,3.6,3.4,3.5,3.7,3.9,3.9,3.8,3.9,2.8,2.9,2.3,2.4,2.4,3.1,2.7,3.1,3.5,3.4,0,14.1,0,13.2,0.5,15.6,20.9,23.1,0.5,21.3,0.1,23.1,0.2,23.6,1,47.3,0.8,55.7,0.3,44.2,0.4,45.4,1.7,49.9,0.1,41.2,0.2,42.6,0.6,46.6,0.1,4.4,0.1,4.4,0.3,4.1,0.2,37.4,0.3,36.5,0.8,30.5,2.10,1020,26514,92480,5.4,10.2,11.0,2812043.57734753,43.77,1753152.33452112,27.29,208280.727103852,3.24,456705.764781623,7.11,344276.727332057,5.36,107170.079801111,1.67,196115.72589693,3.05,264365.826808014,4.11,160227.122626294,2.49,67780.4816597477,1.05,45939.3692041094,0.72,8834.6880974723,0.14,6424892.42517987,12791,6048,127,1810,410,125,103,137,15,90,150,15,21821,2,9,2,21,9080022,1255,29344,3133,68671,1517976,12148565,1182834,20v4,Y2014-2018,2020/06/24,2019
312,4014,1.8,0,0,158688,10.3,14.3,2.1,71.1,1.3,0.7,1,0.5,1,0.8,1.2,1.1,2.5,2,2.4,2.4,2,2.1,2.2,2.2,2.1,2.7,2.8,2.9,3.1,3.1,3.6,3.5,3.4,3.1,3.4,3.5,3.9,4.8,4.8,4.6,5.1,6,6.6,0,14.1,0,13.2,0.5,12.1,20.9,23.1,0.9,36.8,0.1,23.1,0.2,23.6,1.2,32.6,0.8,28.7,0.3,44.2,0.4,45.4,2.1,60.3,0.1,41.2,0.2,42.6,0.8,36.3,0.1,4.4,0.1,4.4,0.3,3.2,0.2,37.4,0.3,36.5,1.1,28.5,2.20,879,26514,92480,5.5,10.2,11.0,2507760.77557468,39.44,1399238.01344613,22.01,331813.90669398,5.22,519335.000613476,8.17,234231.845950956,3.68,139384.704907398,2.19,243812.901597103,3.83,446291.338333599,7.02,369446.054716485,5.81,52288.0614753919,0.82,91540.1566335558,1.44,23583.2983179395,0.37,6358726.05826069,10194,5052,214,2054,444,227,162,501,22,124,313,35,19342,4,25,3,20,0,0,24326,0,62366,0,1850,0,20v4,Y2014-2018,2020/06/24,2019
313,4018,3.4,0,0,114051,17.3,13,10.7,55.9,2.6,1.2,2,1.4,3,2,2.8,1.8,4,3,3.9,2.9,3.5,3.1,3,3.2,2.7,3.2,2.3,3,2.7,3.1,2.5,2.9,3.9,2.5,2.6,2.6,2.3,2.4,2.9,2.7,2.7,3.1,3.2,0,14.1,0,13.2,0.9,23.9,20.9,23.1,1,19.9,0.1,23.1,0.2,23.6,1.5,43.5,1.3,52.3,0.3,44.2,0.4,45.4,1.9,45.2,0.1,41.2,0.2,42.6,1.2,46.8,0.1,4.4,0.1,4.4,0.5,4.5,0.2,37.4,0.3,36.5,1.5,38.6,3.10,924,26514,92480,8.1,10.2,11.0,837952.318357941,13.61,458037.748030894,7.44,1107585.85019722,17.99,314344.238927212,5.11,260904.030859768,4.24,62805.1615718398,1.02,526111.945090362,8.54,461215.631793275,7.49,1538469.17502348,24.99,148414.699260665,2.41,391282.460723624,6.36,49848.0310442104,0.81,6156971.29088049,3527,1428,190,431,244,57,89,118,76,184,379,44,6767,6,16,3,21,76872929,7595,7998,45560,47740,28414519,58760316,26064624,20v4,Y2014-2018,2020/06/24,2019
314,4015,3.1,0,0,161520,15,10.7,30.6,40.8,1.3,0.5,0.8,0.7,1.5,0.9,1.5,1.4,2.4,2,3.2,2.5,3.2,2.5,2.6,3,2.6,3.5,3,3.5,3.6,4.2,3.6,4.4,3.9,3.9,3.3,2.8,3.2,3.3,3.3,3.6,3.3,4,4,0,14.1,0,13.2,0.5,13.1,20.9,23.1,0.8,25.1,0.1,23.1,0.2,23.6,1.2,27.7,0.9,41.6,0.3,44.2,0.4,45.4,1.8,48.6,0.1,41.2,0.2,42.6,0.7,42.7,0.1,4.4,0.1,4.4,0.3,4.4,0.2,37.4,0.3,36.5,1,38,2.90,1163,26514,92480,7.2,10.2,11.0,2503524.36565006,47.16,519695.333863716,9.79,787400.240400654,14.83,353500.803110761,6.66,233528.927424938,4.40,18700.9628453378,0.35,173959.239872794,3.28,446928.521485411,8.42,186743.067497635,3.52,36512.2194281477,0.69,42362.4216901709,0.80,5274.37940067193,0.10,5308130.48267029,7828,1228,539,1211,342,17,79,243,11,60,130,12,11700,1,23,4,20,2000,2,16651,1,62935,0,10000,0,20v4,Y2014-2018,2020/06/24,2019
315,4016,3.3,0,0,151596,9.9,17.6,4.1,65.5,2,1.1,1.2,0.9,1.6,1.4,2.3,1.7,3.1,2.9,3.6,3.3,3.8,3.1,3,3.1,2.9,2.9,3,3.4,3,3.3,3.3,3.9,3.6,2.5,3.1,2.3,2.6,2.6,3,3,3,3.4,3.8,0,14.1,0,13.2,0.6,18.3,20.9,23.1,0.6,22,0.1,23.1,0.2,23.6,0.9,32.7,1.1,49.4,0.3,44.2,0.4,45.4,1.7,47,0.1,41.2,0.2,42.6,0.7,46.3,0.1,4.4,0.1,4.4,0.4,3.7,0.2,37.4,0.3,36.5,1,40.2,2.90,1067,26514,92480,7.0,10.2,11.0,4281365.4265925,51.51,692502.528208783,8.33,845504.951661826,10.17,387893.753555435,4.67,463396.484949747,5.58,40813.0083397461,0.49,253320.651891893,3.05,733527.476219736,8.83,316832.546758556,3.81,53956.4221774641,0.65,206670.928705869,2.49,35248.5957341874,0.42,8311032.77479574,17713,2162,289,1214,657,35,71,252,51,167,671,85,23367,6,18,6,19,40624055,8861,30173,22383,65153,2575659,50152081,2444246,20v4,Y2014-2018,2020/06/24,2019
316,4007,4.2,0,0,117055,22.4,1.4,72.1,2.6,0.9,0.4,1.2,0.2,1.3,0.9,1.6,1.1,2.4,1.6,3.3,1.8,3.4,2.7,2.7,3.8,2.6,4.1,2.2,4.3,2.8,4.1,3,5.3,4,3.5,3.6,3.1,3.3,3.3,3.5,3.2,3.3,3.5,3.7,0,14.1,0,13.2,0.7,11.5,20.9,23.1,1.2,24.4,0.1,23.1,0.2,23.6,0.8,9.6,1.2,30.3,0.3,44.2,0.4,45.4,1.9,55.2,0.1,41.2,0.2,42.6,1.1,46.9,0.1,4.4,0.1,4.4,0.7,7,0.2,37.4,0.3,36.5,1,14.4,1.50,1448,26514,92480,12.4,10.2,11.0,729495.788739516,22.33,670912.314742334,20.53,511510.431189877,15.65,228285.677175727,6.99,127388.688004977,3.90,130127.975140021,3.98,193648.187285744,5.93,299308.959878645,9.16,157729.723473619,4.83,74995.9381074263,2.30,113722.075781122,3.48,30482.9677456738,0.93,3267608.72726468,3741,2396,68,621,216,136,97,210,66,156,378,61,8146,11,16,3,32,0,0,8583,0,37514,0,195450,0,20v4,Y2014-2018,2020/06/24,2019
317,4010,3.8,0,0,135277,7.6,1.3,86.6,2.7,1.3,0.5,1.3,0.8,1.8,1.1,2.3,1.8,3.1,1.9,3.6,2.4,3.9,2.5,3,3.9,2.7,3.9,3.3,3.4,2.6,4.1,3.1,4.2,3.5,3.5,3.4,3.2,2.8,3,2.8,2.8,3,2.6,3.1,0,14.1,0,13.2,0.5,15.9,20.9,23.1,0.9,21.2,0.1,23.1,0.2,23.6,0.8,8.9,1.2,52.2,0.3,44.2,0.4,45.4,2,48.5,0.1,41.2,0.2,42.6,0.6,47.4,0.1,4.4,0.1,4.4,0.4,4.3,0.2,37.4,0.3,36.5,1,24.8,1.80,1475,26514,92480,10.9,10.2,11.0,2550691.74727374,42.70,1093293.45123843,18.30,333884.457762635,5.59,336801.220859005,5.64,215350.947188863,3.61,181237.295146296,3.03,216527.029435664,3.63,408808.34963207,6.84,447971.968162079,7.50,74967.4321569877,1.26,61086.9173228795,1.02,52292.5119884866,0.88,5972913.32816714,11847,3802,154,1138,290,182,137,259,16,150,222,61,18258,4,18,3,25,0,0,24919,0,59241,0,0,0,20v4,Y2014-2018,2020/06/24,2019
318,4009,3.8,0,0,208458,8.6,5,61.9,22.7,1.3,0.6,1,0.6,1.3,1,2,1.5,3.2,2.4,3.9,2.9,4,3.1,2.8,3.5,2.8,3.6,2.9,3.3,2.9,3.6,3,3.8,3.3,3.3,3.1,3,3.3,3.4,3.3,3.1,3,3,3.4,0,14.1,0,13.2,0.4,14.9,20.9,23.1,0.5,23.4,0.1,23.1,0.2,23.6,0.6,14.5,0.7,40.5,0.3,44.2,0.4,45.4,2.2,41.9,0.1,41.2,0.2,42.6,0.6,48.3,0.1,4.4,0.1,4.4,0.3,4.1,0.2,37.4,0.3,36.5,0.7,31.8,1.80,1498,26514,92480,7.2,10.2,11.0,7239264.67220182,45.24,860960.664496566,5.38,499719.429931277,3.12,222171.401594296,1.39,804150.832271964,5.03,455942.464423811,2.85,616636.013166756,3.85,741829.85346741,4.64,3592998.29089979,22.46,261351.714834026,1.63,582341.389618198,3.64,123175.223217116,0.77,16000541.950123,30334,2402,38,858,554,143,172,230,50,198,537,105,35621,8,11,5,28,106740168,8695,44821,14568,65681,44043202,136748437,48243724,20v4,Y2014-2018,2020/06/24,2019
401,4101,3,0,0,166962,26.6,15.5,6.7,48.3,1.2,0.6,1,0.6,1.3,1.1,1.7,1.4,2.4,1.7,2.4,2.3,2.8,2.5,2.7,2.8,3.2,2.9,3.3,4.2,4.9,6.5,6.3,7.5,7.1,3.4,3.1,1.8,1.8,1.7,1.9,1.8,2,2.2,2.6,0,14.1,0,14.8,0.6,13,20.9,20.3,0.6,14.5,0.1,23.1,0.2,28.8,0.9,24.8,1,39.7,0.3,44.2,0.5,46.2,1.4,37.4,0.1,41.2,0.2,44.1,0.4,40,0.1,4.4,0.1,4,0.4,4.5,0.2,37.4,0.3,31.5,1,46.4,2.90,1821,18526,92480,10.9,8.1,11.0,1787263.80116638,14.23,1906398.36072415,15.17,768189.897204713,6.11,666682.917241488,5.31,749403.963208034,5.96,983997.257530748,7.83,2070332.07498603,16.48,2118560.62706919,16.86,756238.897630422,6.02,265127.036844342,2.11,353505.047911307,2.81,138176.828217834,1.10,12563876.7097346,8243,6406,216,1738,653,816,253,195,56,376,392,56,19400,10,19,4,27,46845323,1256,24737,5610,89164,4090000,54226987,4097777,20v4,Y2014-2018,2020/06/24,2019
402,4109,2.8,0,0,137417,31.7,35.4,1.5,28.9,0.9,0.3,0.9,0.6,1.4,1.1,1.6,1.4,2.2,2,2.5,2.6,3,2.9,3.4,3.1,4.2,4,5.3,4.6,5.6,5.1,5.3,5,4.9,2.4,2.7,2.1,1.7,1.8,2.4,2.3,2.2,2.8,2.7,0,14.1,0,14.8,0.7,12.5,20.9,20.3,0.7,16.8,0.1,23.1,0.2,28.8,1.4,39.5,1.2,53.9,0.3,44.2,0.5,46.2,1.9,42.7,0.1,41.2,0.2,44.1,0.6,37.5,0.1,4.4,0.1,4,0.3,2.9,0.2,37.4,0.3,31.5,1.2,39.9,2.50,954,18526,92480,6.9,8.1,11.0,975066.97300992,10.47,712850.937104432,7.66,393577.832993206,4.23,351020.026953092,3.77,489854.206732586,5.26,2065198.65069933,22.19,1086232.00199646,11.67,329366.994723022,3.54,1916573.11747261,20.59,491841.881696298,5.28,384600.125944649,4.13,112423.574274816,1.21,9308606.32360042,4734,2604,199,714,423,875,208,140,58,398,353,61,10767,7,6,3,20,18848986,506,12197,9926,69354,2370735,19544119,2231284,20v4,Y2014-2018,2020/06/24,2019
403,4102,2.9,0,0,172664,66.6,16.5,5,10.4,1.1,0.6,1.1,0.5,1.1,1,2,1.1,2.3,1.8,2.5,1.9,2.7,3.1,3.4,3.2,3.9,3.4,4.4,3.9,4.7,4.2,4.8,3.9,4.1,3,3.1,2.5,2.5,2.7,3.2,2.9,2.8,3.7,3.7,0,14.1,0,14.8,0.6,12.7,20.9,20.3,0.6,22.2,0.1,23.1,0.2,28.8,1.1,47.7,1,59.4,0.3,44.2,0.5,46.2,2.2,53.4,0.1,41.2,0.2,44.1,0.8,42.9,0.1,4.4,0.1,4,0.4,3.5,0.2,37.4,0.3,31.5,0.8,20.3,1.50,1456,18526,92480,8.4,8.1,11.0,2163025.49775608,43.22,929855.412205253,18.58,478103.681034662,9.55,261633.969299423,5.23,500909.77987657,10.01,28286.4965935019,0.57,55152.4427392194,1.10,328643.97180806,6.57,93722.4253219301,1.87,98220.8356261266,1.96,60968.8192056051,1.22,6073.34687039361,0.12,5004596.67833683,9207,3400,197,816,450,22,44,146,20,111,225,20,14658,3,10,4,13,320155,7,19330,5,53359,0,1546048,1304823,20v4,Y2014-2018,2020/06/24,2019
404,4107,3,0,0,140243,52.7,32.8,6.4,6.2,1,0.4,0.9,0.5,1.4,0.9,1.6,1.4,2.2,1.7,3.1,2.7,3,2.7,3.3,3.1,3.6,3.5,4,3.6,3.9,3.9,4.7,4.2,4.7,3.2,3.4,2.3,3,3,3,3.1,3.2,3.4,3.3,0,14.1,0,14.8,0.7,12.1,20.9,20.3,0.9,22.6,0.1,23.1,0.2,28.8,1.3,52,1.3,62.8,0.3,44.2,0.5,46.2,2.2,54.7,0.1,41.2,0.2,44.1,0.8,43.7,0.1,4.4,0.1,4,0.5,3.1,0.2,37.4,0.3,31.5,1.3,22.1,1.90,1209,18526,92480,8.6,8.1,11.0,1115393.45781448,27.07,1145751.08190399,27.81,456803.703225189,11.09,329763.175748696,8.00,275710.792114572,6.69,81891.3077767794,1.99,210708.182290404,5.11,283891.132729014,6.89,109735.693336037,2.66,53959.3800398244,1.31,52729.4146927465,1.28,4016.96836363617,0.10,4120354.29003536,4923,4917,192,853,389,63,70,126,25,134,214,10,11916,9,8,2,19,0,0,14718,0,54150,0,64724,31713,20v4,Y2014-2018,2020/06/24,2019
405,4110,3.3,0,0,183687,36.7,8.5,1.4,51.7,1.2,0.6,1.1,0.5,1.4,0.9,1.4,1.2,2.2,1.8,3.1,2.6,3.4,3.4,3.6,3.7,3.5,3.1,3.4,4.4,4,4.2,4.1,3.9,4,2.9,3.2,2.5,2.9,3.3,2.7,2.8,3.3,3.2,3.2,0,14.1,0,14.8,0.5,12.4,20.9,20.3,0.6,21.9,0.1,23.1,0.2,28.8,0.8,22.9,0.9,39.5,0.3,44.2,0.5,46.2,1.8,40.2,0.1,41.2,0.2,44.1,0.7,42.3,0.1,4.4,0.1,4,0.3,3.3,0.2,37.4,0.3,31.5,0.9,28.4,1.70,1320,18526,92480,7.2,8.1,11.0,4712776.11098511,30.90,1505240.33957966,9.87,74788.9845290668,0.49,477632.618267424,3.13,442140.558803601,2.90,1467435.77347062,9.62,1049004.28315262,6.88,381464.195202021,2.50,4734111.88784877,31.04,196394.944103399,1.29,124781.704591372,0.82,83609.4403795797,0.55,15249380.8409133,21402,5893,19,1807,340,584,164,171,85,437,489,77,31468,7,7,4,21,3011804,46,41317,0,66649,0,5080988,0,20v4,Y2014-2018,2020/06/24,2019
406,4108,3.2,0,0,116052,15.5,29.7,3.1,47.7,2.2,0.9,1.9,1,2,1.5,2.7,1.7,3.4,3,3.8,3.1,4.2,3.7,2.8,3.4,3,3.8,3.3,4.4,3.3,4.3,4.3,3.8,3.3,1.8,1.8,1.5,1.3,1.9,1.8,3,2.2,2.9,3.6,0,14.1,0,14.8,0.7,20.5,20.9,20.3,0.8,17.2,0.1,23.1,0.2,28.8,1.3,25.9,1.1,50,0.3,44.2,0.5,46.2,2.2,42.4,0.1,41.2,0.2,44.1,0.7,43.8,0.1,4.4,0.1,4,0.4,2.8,0.2,37.4,0.3,31.5,1.2,57.2,4.00,516,18526,92480,4.4,8.1,11.0,2383681.81828934,46.96,209753.819951268,4.13,920548.603168921,18.14,336392.41398644,6.63,342907.869669038,6.76,7777.01316340268,0.15,338845.639763635,6.68,316696.106118271,6.24,97725.9978041714,1.93,32352.1904467125,0.64,85451.6649218387,1.68,3493.70092865685,0.07,5075626.8382117,8440,520,304,381,255,2,43,94,13,108,155,6,10321,5,7,3,13,235503,19,14534,448,56013,0,1013847,0,20v4,Y2014-2018,2020/06/24,2019
407,4103,4,0,0,245862,17.8,52.7,2,25.4,2,1,1.6,1.2,2.1,1.5,2.2,2.1,3,2.6,3.5,3.1,3.9,3.4,3.9,3.9,3.5,3.5,3.2,3.3,3.1,3.5,3.4,3.8,3.4,2.9,2.4,2,2.2,2.3,2.4,2.3,2.2,2.7,3.1,0,14.1,0,14.8,0.4,19.1,20.9,20.3,0.5,17.6,0.1,23.1,0.2,28.8,1,49.1,0.8,56.9,0.3,44.2,0.5,46.2,2,57.3,0.1,41.2,0.2,44.1,0.7,40.8,0.1,4.4,0.1,4,0.2,2.5,0.2,37.4,0.3,31.5,0.9,26.4,2.10,1883,18526,92480,7.7,8.1,11.0,9438476.26450268,42.41,1758509.11565213,7.90,1260700.26177174,5.66,696632.432333838,3.13,1176989.89257258,5.29,1085968.09318734,4.88,719662.244602023,3.23,1574065.82075255,7.07,2947574.09786104,13.24,372279.969787227,1.67,1094959.92954473,4.92,128472.937944373,0.58,22254291.0605123,27028,2969,278,1343,863,421,167,320,100,354,892,96,34831,12,14,8,27,125089963,1707,49005,5793,97519,10748860,69046698,10113809,20v4,Y2014-2018,2020/06/24,2019
408,4106,3.5,0,0,163251,19.8,34.2,11.9,29.9,1.2,0.7,1.2,0.9,1.4,1.1,1.7,1.7,2.7,2.3,3.9,2.9,3.5,3.6,2.7,3.1,3,3.3,3.2,3.3,2.7,3.6,3.9,4,3.5,3.6,3.5,3.3,3.2,2.6,2.6,2.4,3,3.5,3.4,0,14.1,0,14.8,0.6,14.9,20.9,20.3,0.8,20.6,0.1,23.1,0.2,28.8,1.4,27,1.3,46.4,0.3,44.2,0.5,46.2,2.7,47.5,0.1,41.2,0.2,44.1,0.7,44,0.1,4.4,0.1,4,0.5,5.2,0.2,37.4,0.3,31.5,1.1,39.6,4.20,1194,18526,92480,7.3,8.1,11.0,5991141.4561761,43.07,1779589.39848627,12.79,1027464.67507244,7.39,200326.298077513,1.44,424114.048460939,3.05,5648.34063377592,0.04,52962.0246259191,0.38,1511321.25145679,10.86,2764903.89374683,19.88,39792.7869392937,0.29,106164.189550123,0.76,6851.13548562862,0.05,13910279.4987116,16886,1162,123,367,300,11,40,180,31,50,222,11,19383,7,14,6,29,9689600,12,30258,0,59795,9689600,10164325,9872000,20v4,Y2014-2018,2020/06/24,2019
409,4111,3.6,0,0,148806,42.6,26.2,5.5,18,1,0.5,0.7,0.5,1.1,0.9,1.7,1.4,2.4,1.9,3,2.8,3.6,3.2,3.3,3.6,3.8,3.5,3.3,3.4,3.4,3.4,3.8,4,4.5,3.7,3.7,3,3.2,2.5,3.2,2.7,3.1,3.1,3.4,0,14.1,0,14.8,0.5,12.1,20.9,20.3,0.6,21.8,0.1,23.1,0.2,28.8,0.9,25.7,1.1,51.1,0.3,44.2,0.5,46.2,2,47.7,0.1,41.2,0.2,44.1,0.6,46.5,0.1,4.4,0.1,4,0.3,4.2,0.2,37.4,0.3,31.5,1,27,7.70,712,18526,92480,4.8,8.1,11.0,3939312.62626204,55.94,729699.980177548,10.36,238431.814668736,3.39,337556.673236804,4.79,304013.326448625,4.32,189213.440055514,2.69,510518.246251026,7.25,317970.32177738,4.52,317671.456931092,4.51,84319.3588904398,1.20,63570.718667267,0.90,10001.1548549552,0.14,7042279.11822142,15332,2305,99,1317,334,181,167,180,17,198,264,21,20415,3,10,2,19,3800,1,29346,2,46326,0,0,0,20v4,Y2014-2018,2020/06/24,2019
410,4113,3.8,0,0,136661,25.8,23.7,14.1,21.5,1.2,0.6,0.9,0.7,1.5,1.3,1.7,1.4,2.7,2.1,3.2,3.2,4.1,3.7,4,3.7,3.4,3.4,3.3,3.1,3,3.2,3,3.8,3.8,4,3.2,2.9,3,3.1,3.3,2.5,2.3,2.7,3.1,0,14.1,0,14.8,0.7,14.1,20.9,20.3,0.6,20.8,0.1,23.1,0.2,28.8,0.8,13,1.3,45,0.3,44.2,0.5,46.2,3.1,50.1,0.1,41.2,0.2,44.1,0.9,46.2,0.1,4.4,0.1,4,0.4,4.8,0.2,37.4,0.3,31.5,1.1,22.4,14.90,1148,18526,92480,8.4,8.1,11.0,6136799.51376525,55.81,562549.663312017,5.12,131363.873493103,1.19,193599.976880304,1.76,342651.577543688,3.12,62489.5924365628,0.57,592652.996794853,5.39,286240.152518322,2.60,2169143.24866052,19.73,80037.3538912481,0.73,423559.378683042,3.85,15234.7854528936,0.14,10996322.1134318,21287,970,15,833,376,57,180,121,120,228,911,45,25143,4,6,4,19,42708226,5807,37153,6840,39302,18396547,45564578,18287219,20v4,Y2014-2018,2020/06/24,2019
411,4104,4.4,0,0,119789,11.1,45.3,1.9,39.4,2.1,1.1,1.3,1.1,1.9,1.5,2.4,2.2,3.4,3.3,3.8,3.3,4.1,3.8,3.9,3.4,3.2,3.6,3,3,3.2,3.1,2.9,3.1,3.2,2.2,2.3,2.2,2.5,2.5,2.7,2.2,2.6,2.3,3,0,14.1,0,14.8,0.8,20.4,20.9,20.3,0.8,18.4,0.1,23.1,0.2,28.8,1.1,29.4,1,43.6,0.3,44.2,0.5,46.2,3.1,43,0.1,41.2,0.2,44.1,0.8,44.4,0.1,4.4,0.1,4,0.4,2.7,0.2,37.4,0.3,31.5,1.2,42.1,2.30,692,18526,92480,5.8,8.1,11.0,9210557.8322596,54.85,1810347.8924801,10.78,279435.050130111,1.66,154377.540892388,0.92,505879.103476524,3.01,32633.2684101388,0.19,219832.981645791,1.31,831632.828489078,4.95,3346300.8628293,19.93,66062.652790132,0.39,321743.476456847,1.92,13939.8821174408,0.08,16792743.3719775,23037,953,22,380,412,11,62,170,128,123,501,23,25822,4,13,5,22,18189103,383,39568,386,45217,12684458,13701945,10042747,20v4,Y2014-2018,2020/06/24,2019
412,4112,4,0,0,238619,15.9,12.6,61.8,1.8,1.4,0.5,1,0.5,1.4,0.9,2,1.2,2.6,1.9,3.2,2.7,3.7,3.1,3.5,3.8,3,3.2,2.8,3.6,3,3.6,3.4,4.1,4.2,3.6,3.5,3.1,3,2.9,3.5,2.8,2.7,3.2,3.3,0,14.1,0,14.8,0.4,13.3,20.9,20.3,0.6,22.4,0.1,23.1,0.2,28.8,0.6,14.2,0.8,42.4,0.3,44.2,0.5,46.2,1.6,46.9,0.1,41.2,0.2,44.1,0.6,49,0.1,4.4,0.1,4,0.4,5.9,0.2,37.4,0.3,31.5,0.8,21.4,7.90,2670,18526,92480,11.2,8.1,11.0,10418152.5021758,58.99,516283.392057577,2.92,807682.853850575,4.57,367823.304008879,2.08,676547.097811077,3.83,600495.123184699,3.40,1046811.59651836,5.93,1245081.79027307,7.05,1071739.02079167,6.07,330093.125968243,1.87,480293.722720075,2.72,99346.9384298309,0.56,17660350.4677899,34992,1234,125,1391,740,309,336,492,54,418,1189,138,41418,12,34,9,46,4220568,5,59188,0,78689,4220568,137864,0,20v4,Y2014-2018,2020/06/24,2019
413,4105,4.3,0,0,202700,12.5,15.3,55.7,10.9,1.5,0.6,1.3,0.7,1.7,1.2,2.4,2.1,2.8,2.2,3.7,3.1,3.9,3.4,3.4,3.7,2.9,3.2,2.7,3.2,3,3.3,3.4,3.9,3.6,3.3,3.4,2.8,2.8,2.6,2.8,2.6,2.7,3,2.8,0,14.1,0,14.8,0.5,16.6,20.9,20.3,0.5,19.9,0.1,23.1,0.2,28.8,0.6,12.4,0.9,42.2,0.3,44.2,0.5,46.2,2.5,43.5,0.1,41.2,0.2,44.1,0.7,47.6,0.1,4.4,0.1,4,0.4,4.4,0.2,37.4,0.3,31.5,0.8,29.8,5.60,1572,18526,92480,7.8,8.1,11.0,13716052.7233245,61.24,1163021.629357,5.19,427352.470024131,1.91,180078.067270741,0.80,615107.28360986,2.75,485214.270824366,2.17,721802.548316406,3.22,1787899.05594956,7.98,2532254.96799916,11.31,200875.912460502,0.90,416832.519443198,1.86,149232.601764249,0.67,22395724.0503436,39930,694,8,669,530,165,166,240,55,291,886,47,43681,6,9,6,34,29226892,1847,70686,2589,61032,18266605,38022070,20505578,20v4,Y2014-2018,2020/06/24,2019
414,4114,3.9,0,0,125898,23.9,3.8,35.8,34.2,1.2,0.8,1,0.9,1.3,1,1.9,1.3,2.6,2.1,2.9,2.9,3.4,3.6,3.2,3.5,2.9,3,1.8,3.3,2.6,3.5,2.6,3.5,3.6,3.2,3,2.7,3.3,3.5,3.3,4,4,4.2,4.5,0,14.1,0,14.8,0.7,14.1,20.9,20.3,1,27.2,0.1,23.1,0.2,28.8,1.2,13.7,1.4,26.7,0.3,44.2,0.5,46.2,2.3,42,0.1,41.2,0.2,44.1,1.6,51.1,0.1,4.4,0.1,4,0.7,5.1,0.2,37.4,0.3,31.5,1.4,29.8,2.30,1289,18526,92480,10.2,8.1,11.0,5827717.35789709,41.67,579438.544637743,4.14,1108273.36387816,7.92,151168.530123195,1.08,273343.732085818,1.95,107097.693557688,0.77,586492.005548047,4.19,715885.605970941,5.12,2564384.56594887,18.34,135712.003983692,0.97,1737584.27112352,12.42,198904.741487661,1.42,13986002.4162424,11046,1197,98,202,216,56,153,203,149,171,1409,60,14960,7,11,6,24,187472708,16725,20866,38283,46557,56476384,110270025,35484518,20v4,Y2014-2018,2020/06/24,2019
501,3903,3.7,0,0,171894,29.7,8.5,21.3,37.7,0.9,0.5,0.8,0.7,1.3,0.9,1.8,1.2,2.6,2.4,3.3,3,3.4,3.2,3.5,3.4,3.2,3.5,3,3.4,3,3.3,3.4,3.9,4,3.5,3.7,3.3,3.6,3.2,3.1,2.9,3.5,2.9,3.3,0,14.1,0,15.5,0.4,13.1,20.9,22,0.5,23.1,0.1,23.1,0.5,10.9,0.8,12.7,1.1,25.1,0.3,44.2,1.7,46.5,2.4,50.5,0.1,41.2,0.6,44.5,1,43.6,0.1,4.4,0.2,2.8,0.4,2.9,0.2,37.4,0.7,33,1,31.2,2.80,1283,2308,92480,7.5,4.9,11.0,12162126.6918233,43.87,1321672.98326993,4.77,631553.628588196,2.28,435292.791057,1.57,1399118.5640605,5.05,826633.614729363,2.98,2171839.69337039,7.83,2031387.01612319,7.33,2655633.71432257,9.58,279272.028555559,1.01,2888882.26932571,10.42,922379.656272704,3.33,27725792.6514985,32857,1135,66,988,811,276,399,364,146,354,1836,131,39363,20,24,6,30,96449922,1627,49193,3087,66065,30526966,81426745,22059256,20v4,Y2014-2018,2020/06/24,2019
502,3902,3.9,0,0,136950,13.9,13.8,4.1,66.1,1.8,0.7,1.3,0.8,1.6,1.2,2.2,1.8,2.9,2.6,3.6,3.3,3.7,3.3,3.4,3.7,3.4,3.3,3.4,3.1,2.5,3.2,3.3,3.4,3.5,2.9,2.7,2.8,2.8,3.1,2.9,3,3.2,2.9,2.8,0,14.1,0,15.5,0.6,16.9,20.9,22,0.7,21.5,0.1,23.1,0.5,10.9,0.9,13.8,1.1,28.7,0.3,44.2,1.7,46.5,3.7,43.1,0.1,41.2,0.6,44.5,1.1,43.8,0.1,4.4,0.2,2.8,0.3,2.8,0.2,37.4,0.7,33,1.2,33.6,2.10,597,2308,92480,4.4,4.9,11.0,12099859.1711664,27.85,943346.540355615,2.17,325013.076157415,0.75,218784.612492889,0.50,2004764.20466085,4.61,1012182.08150286,2.33,4412259.09588588,10.15,4731750.4165903,10.89,9145629.60736373,21.05,216023.969142831,0.50,7604164.1870177,17.50,740198.81848148,1.70,43453975.7808179,30099,516,21,374,741,96,158,196,169,162,2347,52,34931,4,19,3,22,259613632,8063,40253,8404,49180,80065228,234997082,70550016,20v4,Y2014-2018,2020/06/24,2019
503,3901,3.9,0,0,165257,10.2,4.5,1.1,82.9,1.3,0.6,1,0.8,1.8,1.3,2.7,2.1,2.8,2.5,3.5,3.1,3.9,3.5,3.6,3.8,3.5,3.5,3.5,2.9,3,3,2.9,3.1,3.1,3,3,2.8,3.1,3.4,3.1,2.5,3.1,2.7,2.7,0,14.1,0,15.5,0.5,16.8,20.9,22,0.6,21.4,0.1,23.1,0.5,10.9,0.6,6.8,0.9,15.9,0.3,44.2,1.7,46.5,4,40.8,0.1,41.2,0.6,44.5,0.9,46,0.1,4.4,0.2,2.8,0.3,2.8,0.2,37.4,0.7,33,1.2,34.1,1.30,425,2308,92480,2.6,4.9,11.0,18075575.4928077,40.91,574211.878529045,1.30,82279.9671389461,0.19,215759.293702894,0.49,1650835.78963914,3.74,1221148.94611416,2.76,2931016.2429875,6.63,2030559.44006425,4.60,7931826.82818235,17.95,326253.276906451,0.74,8588399.31612189,19.44,551528.331551488,1.25,44179394.8037458,44409,192,4,299,463,137,223,158,895,161,3364,129,50434,7,1,4,20,198136950,4217,52340,4755,61414,53574747,210571074,66261550,20v4,Y2014-2018,2020/06/24,2019
